Round,Date,Team 1,FT,HT,Team 2
?,(Thu) 12 Aug 1999 (32),Sparta Rotterdam (1),0-2,0-2,Willem II Tilburg (1)
?,(Fri) 13 Aug 1999 (32),FC Den Bosch (1),0-4,0-2,Feyenoord Rotterdam (1)
?,(Sat) 14 Aug 1999 (32),SC Cambuur (1),1-1,1-1,Vitesse Arnhem (1)
?,(Sat) 14 Aug 1999 (32),Fortuna Sittard (1),1-2,0-1,AZ Alkmaar (1)
?,(Sat) 14 Aug 1999 (32),BV De Graafschap (1),0-0,0-0,Roda JC Kerkrade (1)
?,(Sat) 14 Aug 1999 (32),PSV Eindhoven (1),4-1,2-1,MVV Maastricht (1)
?,(Sun) 15 Aug 1999 (32),Ajax Amsterdam (1),3-2,0-1,SC Heerenveen (1)
?,(Sun) 15 Aug 1999 (32),FC Utrecht (1),1-0,1-0,NEC Nijmegen (1)
?,(Sun) 15 Aug 1999 (32),RKC Waalwijk (1),1-1,0-1,FC Twente (1)
?,(Fri) 20 Aug 1999 (33),MVV Maastricht (2),2-6,1-2,Ajax Amsterdam (2)
?,(Sat) 21 Aug 1999 (33),FC Den Bosch (2),1-1,1-0,BV De Graafschap (2)
?,(Sat) 21 Aug 1999 (33),SC Heerenveen (2),3-1,1-0,Sparta Rotterdam (2)
?,(Sat) 21 Aug 1999 (33),Roda JC Kerkrade (2),1-2,1-1,RKC Waalwijk (2)
?,(Sat) 21 Aug 1999 (33),FC Twente (2),4-2,1-2,NEC Nijmegen (2)
?,(Sat) 21 Aug 1999 (33),Willem II Tilburg (2),2-2,0-1,Fortuna Sittard (2)
?,(Sun) 22 Aug 1999 (33),Feyenoord Rotterdam (2),4-0,1-0,SC Cambuur (2)
?,(Sun) 22 Aug 1999 (33),Vitesse Arnhem (2),1-6,1-3,PSV Eindhoven (2)
?,(Fri) 27 Aug 1999 (34),SC Cambuur (3),0-3,0-1,Ajax Amsterdam (3)
?,(Sat) 28 Aug 1999 (34),PSV Eindhoven (3),2-1,1-1,Fortuna Sittard (3)
?,(Sat) 28 Aug 1999 (34),Roda JC Kerkrade (3),4-3,2-0,NEC Nijmegen (3)
?,(Sat) 28 Aug 1999 (34),Vitesse Arnhem (3),6-2,4-0,MVV Maastricht (3)
?,(Sat) 28 Aug 1999 (34),Willem II Tilburg (3),2-1,1-0,FC Den Bosch (3)
?,(Sun) 29 Aug 1999 (34),Feyenoord Rotterdam (3),3-1,1-0,SC Heerenveen (3)
?,(Sun) 29 Aug 1999 (34),FC Utrecht (2),1-0,1-0,FC Twente (3)
?,(Sun) 29 Aug 1999 (34),RKC Waalwijk (3),1-2,1-1,AZ Alkmaar (2)
?,(Fri) 10 Sep 1999 (36),Ajax Amsterdam (4),2-2,1-0,Feyenoord Rotterdam (4)
?,(Fri) 10 Sep 1999 (36),AZ Alkmaar (3),1-2,0-2,Roda JC Kerkrade (4)
?,(Sat) 11 Sep 1999 (36),Fortuna Sittard (4),0-2,0-1,RKC Waalwijk (4)
?,(Sat) 11 Sep 1999 (36),SC Heerenveen (4),2-4,1-0,Willem II Tilburg (4)
?,(Sat) 11 Sep 1999 (36),MVV Maastricht (4),1-1,0-1,SC Cambuur (4)
?,(Sat) 11 Sep 1999 (36),FC Twente (4),0-0,0-0,Vitesse Arnhem (4)
?,(Sun) 12 Sep 1999 (36),BV De Graafschap (3),1-2,1-1,PSV Eindhoven (4)
?,(Sun) 12 Sep 1999 (36),Sparta Rotterdam (3),3-0,2-0,FC Utrecht (3)
?,(Wed) 15 Sep 1999 (37),AZ Alkmaar (4),0-1,0-1,FC Utrecht (4)
?,(Wed) 15 Sep 1999 (37),Sparta Rotterdam (4),2-1,0-0,BV De Graafschap (4)
?,(Fri) 17 Sep 1999 (37),SC Cambuur (5),1-3,1-0,FC Twente (5)
?,(Sat) 18 Sep 1999 (37),FC Den Bosch (4),1-1,0-0,MVV Maastricht (5)
?,(Sat) 18 Sep 1999 (37),Feyenoord Rotterdam (5),1-0,0-0,Fortuna Sittard (5)
?,(Sat) 18 Sep 1999 (37),Willem II Tilburg (5),3-1,2-1,AZ Alkmaar (5)
?,(Sun) 19 Sep 1999 (37),Roda JC Kerkrade (5),0-2,0-1,SC Heerenveen (5)
?,(Sun) 19 Sep 1999 (37),FC Utrecht (5),2-1,1-0,BV De Graafschap (5)
?,(Sun) 19 Sep 1999 (37),Vitesse Arnhem (5),2-1,1-0,Sparta Rotterdam (5)
?,(Sun) 19 Sep 1999 (37),RKC Waalwijk (5),1-1,0-1,Ajax Amsterdam (5)
?,(Fri) 24 Sep 1999 (38),Ajax Amsterdam (6),3-1,1-1,Vitesse Arnhem (6)
?,(Sat) 25 Sep 1999 (38),SC Heerenveen (6),0-0,0-0,FC Twente (6)
?,(Sat) 25 Sep 1999 (38),PSV Eindhoven (5),6-1,2-1,Willem II Tilburg (6)
?,(Sat) 25 Sep 1999 (38),Roda JC Kerkrade (6),3-0,1-0,Fortuna Sittard (6)
?,(Sun) 26 Sep 1999 (38),SC Cambuur (6),2-4,2-1,AZ Alkmaar (6)
?,(Sun) 26 Sep 1999 (38),FC Den Bosch (5),3-2,0-1,FC Utrecht (6)
?,(Sun) 26 Sep 1999 (38),Feyenoord Rotterdam (6),1-2,0-0,RKC Waalwijk (6)
?,(Sun) 26 Sep 1999 (38),BV De Graafschap (6),2-2,1-1,NEC Nijmegen (4)
?,(Sun) 26 Sep 1999 (38),Sparta Rotterdam (6),3-0,2-0,MVV Maastricht (6)
?,(Wed) 29 Sep 1999 (39),NEC Nijmegen (5),2-0,1-0,FC Den Bosch (6)
?,(Fri) 1 Oct 1999 (39),MVV Maastricht (7),1-3,1-1,SC Heerenveen (7)
?,(Sat) 2 Oct 1999 (39),Fortuna Sittard (7),4-1,2-1,SC Cambuur (7)
?,(Sat) 2 Oct 1999 (39),PSV Eindhoven (6),7-0,3-0,Sparta Rotterdam (7)
?,(Sat) 2 Oct 1999 (39),FC Twente (7),3-2,2-1,FC Den Bosch (7)
?,(Sat) 2 Oct 1999 (39),RKC Waalwijk (7),2-1,0-1,BV De Graafschap (7)
?,(Sun) 3 Oct 1999 (39),AZ Alkmaar (7),0-0,0-0,Feyenoord Rotterdam (7)
?,(Sun) 3 Oct 1999 (39),FC Utrecht (7),1-2,1-0,Roda JC Kerkrade (7)
?,(Sun) 3 Oct 1999 (39),Vitesse Arnhem (7),5-1,2-1,NEC Nijmegen (6)
?,(Sun) 3 Oct 1999 (39),Willem II Tilburg (7),3-6,1-3,Ajax Amsterdam (7)
?,(Sun) 10 Oct 1999 (40),BV De Graafschap (8),2-1,0-1,MVV Maastricht (8)
?,(Mon) 11 Oct 1999 (41),Sparta Rotterdam (8),1-2,0-2,Roda JC Kerkrade (8)
?,(Tue) 12 Oct 1999 (41),SC Cambuur (8),0-1,0-1,Willem II Tilburg (8)
?,(Tue) 12 Oct 1999 (41),Feyenoord Rotterdam (8),0-0,0-0,Vitesse Arnhem (8)
?,(Wed) 13 Oct 1999 (41),Ajax Amsterdam (8),4-1,2-1,Fortuna Sittard (8)
?,(Wed) 13 Oct 1999 (41),FC Den Bosch (8),2-3,2-3,AZ Alkmaar (8)
?,(Wed) 13 Oct 1999 (41),SC Heerenveen (8),1-0,0-0,FC Utrecht (8)
?,(Wed) 13 Oct 1999 (41),NEC Nijmegen (7),0-1,0-1,FC Twente (8)
?,(Wed) 13 Oct 1999 (41),RKC Waalwijk (8),1-6,0-3,PSV Eindhoven (7)
?,(Fri) 15 Oct 1999 (41),Roda JC Kerkrade (9),2-1,1-1,Feyenoord Rotterdam (9)
?,(Sat) 16 Oct 1999 (41),Fortuna Sittard (9),0-1,0-0,SC Heerenveen (9)
?,(Sat) 16 Oct 1999 (41),MVV Maastricht (9),4-1,2-0,FC Utrecht (9)
?,(Sat) 16 Oct 1999 (41),Vitesse Arnhem (9),1-0,0-0,SC Cambuur (9)
?,(Sat) 16 Oct 1999 (41),Willem II Tilburg (9),2-1,2-0,RKC Waalwijk (9)
?,(Sun) 17 Oct 1999 (41),BV De Graafschap (9),0-0,0-0,FC Twente (9)
?,(Sun) 17 Oct 1999 (41),NEC Nijmegen (8),1-3,0-1,Ajax Amsterdam (9)
?,(Sun) 17 Oct 1999 (41),PSV Eindhoven (8),7-0,4-0,FC Den Bosch (9)
?,(Sun) 17 Oct 1999 (41),Sparta Rotterdam (9),3-6,3-3,AZ Alkmaar (9)
?,(Fri) 22 Oct 1999 (42),AZ Alkmaar (10),0-1,0-0,SC Heerenveen (10)
?,(Sat) 23 Oct 1999 (42),SC Cambuur (10),1-0,1-0,BV De Graafschap (10)
?,(Sat) 23 Oct 1999 (42),Fortuna Sittard (10),3-2,2-2,Sparta Rotterdam (10)
?,(Sat) 23 Oct 1999 (42),PSV Eindhoven (9),2-2,1-0,FC Twente (10)
?,(Sat) 23 Oct 1999 (42),Willem II Tilburg (10),1-0,0-0,MVV Maastricht (10)
?,(Sun) 24 Oct 1999 (42),Ajax Amsterdam (10),6-1,2-1,FC Den Bosch (10)
?,(Sun) 24 Oct 1999 (42),Feyenoord Rotterdam (10),2-1,1-0,NEC Nijmegen (9)
?,(Sun) 24 Oct 1999 (42),Roda JC Kerkrade (10),0-1,0-0,Vitesse Arnhem (10)
?,(Sun) 24 Oct 1999 (42),FC Utrecht (10),4-1,2-0,RKC Waalwijk (10)
?,(Wed) 27 Oct 1999 (43),SC Heerenveen (11),2-0,2-0,BV De Graafschap (11)
?,(Wed) 27 Oct 1999 (43),FC Twente (11),3-2,2-1,Sparta Rotterdam (11)
?,(Wed) 27 Oct 1999 (43),RKC Waalwijk (11),4-2,1-2,NEC Nijmegen (10)
?,(Fri) 29 Oct 1999 (43),Ajax Amsterdam (11),1-2,0-0,Roda JC Kerkrade (11)
?,(Sat) 30 Oct 1999 (43),FC Den Bosch (11),1-1,1-1,SC Cambuur (11)
?,(Sun) 31 Oct 1999 (43),AZ Alkmaar (11),0-3,0-1,PSV Eindhoven (10)
?,(Sun) 31 Oct 1999 (43),MVV Maastricht (11),1-0,0-0,Fortuna Sittard (11)
?,(Sun) 31 Oct 1999 (43),Vitesse Arnhem (11),3-1,1-0,FC Utrecht (11)
?,(Wed) 3 Nov 1999 (44),NEC Nijmegen (11),0-4,0-3,SC Heerenveen (12)
?,(Fri) 5 Nov 1999 (44),FC Utrecht (12),2-1,1-0,Fortuna Sittard (12)
?,(Sat) 6 Nov 1999 (44),BV De Graafschap (12),0-2,0-1,Willem II Tilburg (11)
?,(Sat) 6 Nov 1999 (44),MVV Maastricht (12),3-4,1-2,AZ Alkmaar (12)
?,(Sun) 7 Nov 1999 (44),NEC Nijmegen (12),2-1,1-0,PSV Eindhoven (11)
?,(Sun) 7 Nov 1999 (44),Roda JC Kerkrade (12),3-0,1-0,FC Den Bosch (12)
?,(Sun) 7 Nov 1999 (44),Sparta Rotterdam (12),1-2,0-1,Ajax Amsterdam (12)
?,(Sun) 7 Nov 1999 (44),FC Twente (12),3-3,3-1,Feyenoord Rotterdam (11)
?,(Sun) 7 Nov 1999 (44),RKC Waalwijk (12),3-2,1-1,SC Cambuur (12)
?,(Fri) 19 Nov 1999 (46),AZ Alkmaar (13),2-1,2-1,FC Twente (13)
?,(Fri) 19 Nov 1999 (46),MVV Maastricht (13),3-3,0-3,Feyenoord Rotterdam (12)
?,(Fri) 19 Nov 1999 (46),NEC Nijmegen (13),0-1,0-1,Sparta Rotterdam (13)
?,(Sat) 20 Nov 1999 (46),FC Den Bosch (13),0-3,0-0,RKC Waalwijk (13)
?,(Sat) 20 Nov 1999 (46),Fortuna Sittard (13),1-1,0-0,BV De Graafschap (13)
?,(Sat) 20 Nov 1999 (46),SC Heerenveen (13),1-3,1-2,Vitesse Arnhem (12)
?,(Sat) 20 Nov 1999 (46),Willem II Tilburg (12),2-2,1-0,Roda JC Kerkrade (13)
?,(Sun) 21 Nov 1999 (46),Ajax Amsterdam (13),2-0,1-0,FC Utrecht (13)
?,(Sun) 21 Nov 1999 (46),SC Cambuur (13),0-1,0-0,PSV Eindhoven (12)
?,(Fri) 26 Nov 1999 (47),SC Heerenveen (14),4-1,3-1,SC Cambuur (14)
?,(Sat) 27 Nov 1999 (47),Fortuna Sittard (14),2-2,1-1,NEC Nijmegen (14)
?,(Sat) 27 Nov 1999 (47),FC Twente (14),4-0,2-0,Willem II Tilburg (13)
?,(Sun) 28 Nov 1999 (47),AZ Alkmaar (14),1-2,1-1,Ajax Amsterdam (14)
?,(Sun) 28 Nov 1999 (47),Feyenoord Rotterdam (13),1-0,0-0,PSV Eindhoven (13)
?,(Sun) 28 Nov 1999 (47),BV De Graafschap (14),2-2,2-1,Vitesse Arnhem (13)
?,(Sun) 28 Nov 1999 (47),FC Utrecht (14),2-1,1-0,FC Den Bosch (14)
?,(Sun) 28 Nov 1999 (47),RKC Waalwijk (14),2-1,1-1,Sparta Rotterdam (14)
?,(Tue) 30 Nov 1999 (48),Roda JC Kerkrade (14),3-1,2-0,MVV Maastricht (14)
?,(Wed) 1 Dec 1999 (48),SC Cambuur (15),4-3,0-2,FC Utrecht (15)
?,(Wed) 1 Dec 1999 (48),FC Den Bosch (15),0-2,0-1,SC Heerenveen (15)
?,(Wed) 1 Dec 1999 (48),Feyenoord Rotterdam (14),1-0,1-0,Willem II Tilburg (14)
?,(Wed) 1 Dec 1999 (48),BV De Graafschap (15),2-5,0-0,AZ Alkmaar (15)
?,(Wed) 1 Dec 1999 (48),FC Twente (15),1-0,1-0,Fortuna Sittard (15)
?,(Wed) 1 Dec 1999 (48),Vitesse Arnhem (14),2-1,2-0,RKC Waalwijk (15)
?,(Sat) 4 Dec 1999 (48),Fortuna Sittard (16),1-1,0-0,FC Den Bosch (16)
?,(Sat) 4 Dec 1999 (48),MVV Maastricht (15),0-2,0-0,FC Twente (16)
?,(Sat) 4 Dec 1999 (48),PSV Eindhoven (14),2-0,1-0,Roda JC Kerkrade (15)
?,(Sat) 4 Dec 1999 (48),Sparta Rotterdam (15),1-3,1-0,Feyenoord Rotterdam (15)
?,(Sat) 4 Dec 1999 (48),Vitesse Arnhem (15),0-2,0-1,AZ Alkmaar (16)
?,(Sun) 5 Dec 1999 (48),Ajax Amsterdam (15),1-2,0-1,RKC Waalwijk (16)
?,(Sun) 5 Dec 1999 (48),NEC Nijmegen (15),1-0,0-0,SC Cambuur (16)
?,(Sun) 5 Dec 1999 (48),Willem II Tilburg (15),4-3,1-3,FC Utrecht (16)
?,(Fri) 10 Dec 1999 (49),AZ Alkmaar (17),2-0,1-0,Fortuna Sittard (17)
?,(Sat) 11 Dec 1999 (49),Roda JC Kerkrade (16),2-3,2-2,BV De Graafschap (16)
?,(Sun) 12 Dec 1999 (49),FC Den Bosch (17),2-1,2-1,Vitesse Arnhem (16)
?,(Sun) 12 Dec 1999 (49),FC Utrecht (17),1-1,1-1,PSV Eindhoven (15)
?,(Sun) 12 Dec 1999 (49),RKC Waalwijk (17),0-4,0-1,MVV Maastricht (16)
?,(Wed) 15 Dec 1999 (50),Ajax Amsterdam (16),1-3,0-2,PSV Eindhoven (16)
?,(Wed) 15 Dec 1999 (50),SC Heerenveen (16),4-1,2-0,RKC Waalwijk (18)
?,(Wed) 15 Dec 1999 (50),NEC Nijmegen (16),1-0,1-0,MVV Maastricht (17)
?,(Wed) 15 Dec 1999 (50),Sparta Rotterdam (16),3-2,0-1,FC Den Bosch (18)
?,(Wed) 15 Dec 1999 (50),Vitesse Arnhem (17),3-1,2-0,Willem II Tilburg (16)
?,(Thu) 16 Dec 1999 (50),Feyenoord Rotterdam (16),0-0,0-0,BV De Graafschap (17)
?,(Sat) 18 Dec 1999 (50),AZ Alkmaar (18),1-1,1-0,NEC Nijmegen (17)
?,(Sat) 18 Dec 1999 (50),Fortuna Sittard (18),3-3,0-1,Vitesse Arnhem (18)
?,(Sat) 18 Dec 1999 (50),PSV Eindhoven (17),0-1,0-0,SC Heerenveen (17)
?,(Sat) 18 Dec 1999 (50),FC Twente (17),2-1,0-0,Roda JC Kerkrade (17)
?,(Sat) 18 Dec 1999 (50),Willem II Tilburg (17),0-0,0-0,Sparta Rotterdam (17)
?,(Sun) 19 Dec 1999 (50),BV De Graafschap (18),1-1,1-0,Ajax Amsterdam (17)
?,(Sun) 19 Dec 1999 (50),FC Utrecht (18),3-4,1-2,Feyenoord Rotterdam (17)
?,(Tue) 21 Dec 1999 (51),MVV Maastricht (18),0-2,0-1,PSV Eindhoven (18)
?,(Wed) 26 Jan 2000 (4),Vitesse Arnhem (19),1-0,1-0,FC Den Bosch (19)
?,(Sat) 29 Jan 2000 (4),BV De Graafschap (19),3-1,2-1,SC Cambuur (17)
?,(Sat) 29 Jan 2000 (4),Sparta Rotterdam (18),2-1,0-0,SC Heerenveen (18)
?,(Tue) 1 Feb 2000 (5),MVV Maastricht (19),0-0,0-0,Roda JC Kerkrade (18)
?,(Wed) 2 Feb 2000 (5),SC Cambuur (18),0-0,0-0,NEC Nijmegen (18)
?,(Wed) 2 Feb 2000 (5),SC Heerenveen (19),1-1,1-1,Ajax Amsterdam (18)
?,(Wed) 2 Feb 2000 (5),FC Twente (18),4-1,1-1,AZ Alkmaar (19)
?,(Wed) 2 Feb 2000 (5),Vitesse Arnhem (20),3-1,1-0,BV De Graafschap (20)
?,(Wed) 2 Feb 2000 (5),RKC Waalwijk (19),1-0,1-0,Willem II Tilburg (18)
?,(Thu) 3 Feb 2000 (5),PSV Eindhoven (19),0-1,0-1,Feyenoord Rotterdam (18)
?,(Fri) 4 Feb 2000 (5),FC Utrecht (19),2-0,2-0,MVV Maastricht (20)
?,(Sat) 5 Feb 2000 (5),SC Heerenveen (20),3-0,1-0,AZ Alkmaar (20)
?,(Sat) 5 Feb 2000 (5),NEC Nijmegen (19),2-3,1-2,BV De Graafschap (21)
?,(Sat) 5 Feb 2000 (5),Sparta Rotterdam (19),1-1,1-0,Vitesse Arnhem (21)
?,(Sat) 5 Feb 2000 (5),Willem II Tilburg (19),1-1,1-0,FC Twente (19)
?,(Sun) 6 Feb 2000 (5),Ajax Amsterdam (19),3-1,3-0,SC Cambuur (19)
?,(Sun) 6 Feb 2000 (5),FC Den Bosch (20),2-6,1-3,PSV Eindhoven (20)
?,(Sun) 6 Feb 2000 (5),Feyenoord Rotterdam (19),2-1,1-1,Roda JC Kerkrade (19)
?,(Sun) 6 Feb 2000 (5),RKC Waalwijk (20),0-3,0-3,Fortuna Sittard (19)
?,(Wed) 9 Feb 2000 (6),AZ Alkmaar (21),4-0,2-0,Sparta Rotterdam (20)
?,(Wed) 9 Feb 2000 (6),Fortuna Sittard (20),2-3,1-0,Feyenoord Rotterdam (20)
?,(Wed) 9 Feb 2000 (6),MVV Maastricht (21),2-0,1-0,FC Den Bosch (21)
?,(Wed) 9 Feb 2000 (6),FC Twente (20),1-0,1-0,RKC Waalwijk (21)
?,(Wed) 9 Feb 2000 (6),Willem II Tilburg (20),3-1,0-1,NEC Nijmegen (20)
?,(Thu) 10 Feb 2000 (6),PSV Eindhoven (21),4-0,3-0,Ajax Amsterdam (20)
?,(Thu) 10 Feb 2000 (6),Roda JC Kerkrade (20),3-2,0-1,FC Utrecht (20)
?,(Sat) 12 Feb 2000 (6),SC Cambuur (20),0-0,0-0,Fortuna Sittard (21)
?,(Sat) 12 Feb 2000 (6),NEC Nijmegen (21),1-2,1-1,AZ Alkmaar (22)
?,(Sun) 13 Feb 2000 (6),Ajax Amsterdam (21),3-1,1-1,Willem II Tilburg (21)
?,(Sun) 13 Feb 2000 (6),FC Den Bosch (22),0-0,0-0,FC Twente (21)
?,(Sun) 13 Feb 2000 (6),BV De Graafschap (22),1-2,1-2,FC Utrecht (21)
?,(Sun) 13 Feb 2000 (6),SC Heerenveen (21),0-3,0-1,PSV Eindhoven (22)
?,(Sun) 13 Feb 2000 (6),Vitesse Arnhem (22),3-3,2-1,Feyenoord Rotterdam (21)
?,(Tue) 15 Feb 2000 (7),SC Cambuur (21),0-1,0-1,Sparta Rotterdam (21)
?,(Fri) 18 Feb 2000 (7),Fortuna Sittard (22),2-2,2-1,FC Twente (22)
?,(Sat) 19 Feb 2000 (7),FC Den Bosch (23),2-2,0-1,Roda JC Kerkrade (21)
?,(Sat) 19 Feb 2000 (7),MVV Maastricht (22),2-2,0-1,Sparta Rotterdam (22)
?,(Sat) 19 Feb 2000 (7),NEC Nijmegen (22),3-1,1-0,RKC Waalwijk (22)
?,(Sat) 19 Feb 2000 (7),PSV Eindhoven (23),3-2,2-1,Vitesse Arnhem (23)
?,(Sun) 20 Feb 2000 (7),Ajax Amsterdam (22),2-1,2-1,BV De Graafschap (23)
?,(Sun) 20 Feb 2000 (7),FC Utrecht (22),2-2,1-1,SC Heerenveen (22)
?,(Sun) 20 Feb 2000 (7),Willem II Tilburg (22),2-1,0-0,Feyenoord Rotterdam (22)
?,(Tue) 22 Feb 2000 (8),AZ Alkmaar (23),4-0,1-0,SC Cambuur (22)
?,(Fri) 25 Feb 2000 (8),Roda JC Kerkrade (22),1-2,0-1,PSV Eindhoven (24)
?,(Sat) 26 Feb 2000 (8),Feyenoord Rotterdam (23),3-0,1-0,MVV Maastricht (23)
?,(Sat) 26 Feb 2000 (8),Fortuna Sittard (23),2-0,1-0,Willem II Tilburg (23)
?,(Sun) 27 Feb 2000 (8),Sparta Rotterdam (23),1-0,1-0,NEC Nijmegen (23)
?,(Sun) 27 Feb 2000 (8),FC Twente (23),2-0,1-0,SC Heerenveen (23)
?,(Sun) 27 Feb 2000 (8),FC Utrecht (23),3-3,2-2,AZ Alkmaar (24)
?,(Sun) 27 Feb 2000 (8),RKC Waalwijk (23),1-1,1-1,Vitesse Arnhem (24)
?,(Tue) 29 Feb 2000 (9),Roda JC Kerkrade (23),3-1,2-0,SC Cambuur (23)
?,(Fri) 3 Mar 2000 (9),AZ Alkmaar (25),2-2,1-1,Willem II Tilburg (24)
?,(Fri) 3 Mar 2000 (9),Vitesse Arnhem (25),2-0,0-0,Roda JC Kerkrade (24)
?,(Sat) 4 Mar 2000 (9),SC Cambuur (24),2-2,0-1,MVV Maastricht (24)
?,(Sun) 5 Mar 2000 (9),BV De Graafschap (24),3-0,1-0,FC Den Bosch (24)
?,(Sun) 5 Mar 2000 (9),SC Heerenveen (24),3-0,1-0,Feyenoord Rotterdam (24)
?,(Sun) 5 Mar 2000 (9),NEC Nijmegen (24),0-1,0-0,FC Utrecht (24)
?,(Sun) 5 Mar 2000 (9),Sparta Rotterdam (24),3-1,1-0,RKC Waalwijk (24)
?,(Sun) 5 Mar 2000 (9),FC Twente (24),0-0,0-0,Ajax Amsterdam (23)
?,(Fri) 10 Mar 2000 (10),AZ Alkmaar (26),4-0,2-0,RKC Waalwijk (25)
?,(Fri) 10 Mar 2000 (10),NEC Nijmegen (25),1-2,1-0,Fortuna Sittard (24)
?,(Sat) 11 Mar 2000 (10),Feyenoord Rotterdam (25),3-0,1-0,FC Den Bosch (25)
?,(Sat) 11 Mar 2000 (10),MVV Maastricht (25),0-2,0-1,BV De Graafschap (25)
?,(Sat) 11 Mar 2000 (10),Roda JC Kerkrade (25),4-1,3-0,Sparta Rotterdam (25)
?,(Sat) 11 Mar 2000 (10),FC Twente (25),1-0,1-0,SC Cambuur (25)
?,(Sat) 11 Mar 2000 (10),Willem II Tilburg (25),2-3,0-1,SC Heerenveen (25)
?,(Sun) 12 Mar 2000 (10),PSV Eindhoven (25),2-1,1-0,FC Utrecht (25)
?,(Wed) 15 Mar 2000 (11),Fortuna Sittard (25),2-0,2-0,Ajax Amsterdam (24)
?,(Fri) 17 Mar 2000 (11),SC Cambuur (26),2-3,1-3,Feyenoord Rotterdam (26)
?,(Fri) 17 Mar 2000 (11),NEC Nijmegen (26),2-1,1-1,Willem II Tilburg (26)
?,(Sat) 18 Mar 2000 (11),SC Heerenveen (26),3-1,1-1,MVV Maastricht (26)
?,(Sat) 18 Mar 2000 (11),PSV Eindhoven (26),6-0,2-0,BV De Graafschap (26)
?,(Sun) 19 Mar 2000 (11),Ajax Amsterdam (25),0-1,0-1,FC Twente (26)
?,(Sun) 19 Mar 2000 (11),Sparta Rotterdam (26),2-3,1-2,Fortuna Sittard (26)
?,(Sun) 19 Mar 2000 (11),FC Utrecht (26),2-0,0-0,Vitesse Arnhem (26)
?,(Sun) 19 Mar 2000 (11),RKC Waalwijk (26),2-2,1-0,Roda JC Kerkrade (26)
?,(Fri) 24 Mar 2000 (12),AZ Alkmaar (27),2-0,1-0,FC Den Bosch (26)
?,(Fri) 24 Mar 2000 (12),Fortuna Sittard (27),3-1,2-1,MVV Maastricht (27)
?,(Fri) 24 Mar 2000 (12),Willem II Tilburg (27),0-0,0-0,PSV Eindhoven (27)
?,(Sat) 25 Mar 2000 (12),SC Cambuur (27),2-2,1-1,Roda JC Kerkrade (27)
?,(Sat) 25 Mar 2000 (12),BV De Graafschap (27),2-0,2-0,RKC Waalwijk (27)
?,(Sat) 25 Mar 2000 (12),Vitesse Arnhem (27),3-1,2-1,SC Heerenveen (27)
?,(Sun) 26 Mar 2000 (12),Ajax Amsterdam (26),5-2,1-2,NEC Nijmegen (27)
?,(Sun) 26 Mar 2000 (12),Feyenoord Rotterdam (27),1-2,1-1,Sparta Rotterdam (27)
?,(Sun) 26 Mar 2000 (12),FC Twente (27),4-2,0-1,FC Utrecht (27)
?,(Fri) 31 Mar 2000 (13),FC Den Bosch (27),1-1,1-1,Willem II Tilburg (28)
?,(Fri) 31 Mar 2000 (13),SC Heerenveen (28),1-0,0-0,NEC Nijmegen (28)
?,(Fri) 31 Mar 2000 (13),Roda JC Kerkrade (28),3-0,2-0,Ajax Amsterdam (27)
?,(Sat) 1 Apr 2000 (13),BV De Graafschap (28),1-0,1-0,Fortuna Sittard (28)
?,(Sat) 1 Apr 2000 (13),MVV Maastricht (28),0-2,0-2,Vitesse Arnhem (28)
?,(Sat) 1 Apr 2000 (13),PSV Eindhoven (28),5-1,3-1,AZ Alkmaar (28)
?,(Sun) 2 Apr 2000 (13),Sparta Rotterdam (28),1-1,1-0,FC Twente (28)
?,(Sun) 2 Apr 2000 (13),FC Utrecht (28),1-2,0-0,SC Cambuur (28)
?,(Sun) 2 Apr 2000 (13),RKC Waalwijk (28),2-2,0-1,Feyenoord Rotterdam (28)
?,(Fri) 7 Apr 2000 (14),AZ Alkmaar (29),2-0,0-0,BV De Graafschap (29)
?,(Fri) 7 Apr 2000 (14),Fortuna Sittard (29),0-4,0-2,PSV Eindhoven (29)
?,(Fri) 7 Apr 2000 (14),NEC Nijmegen (29),0-0,0-0,Roda JC Kerkrade (29)
?,(Sat) 8 Apr 2000 (14),SC Cambuur (29),1-2,1-2,FC Den Bosch (28)
?,(Sat) 8 Apr 2000 (14),FC Twente (29),1-2,0-0,MVV Maastricht (29)
?,(Sat) 8 Apr 2000 (14),Willem II Tilburg (29),0-4,0-0,Vitesse Arnhem (29)
?,(Sun) 9 Apr 2000 (14),Ajax Amsterdam (28),3-2,1-1,Sparta Rotterdam (29)
?,(Sun) 9 Apr 2000 (14),Feyenoord Rotterdam (29),1-2,0-1,FC Utrecht (29)
?,(Sun) 9 Apr 2000 (14),RKC Waalwijk (29),0-1,0-0,SC Heerenveen (29)
?,(Fri) 14 Apr 2000 (15),FC Utrecht (30),3-1,0-0,Sparta Rotterdam (30)
?,(Sat) 15 Apr 2000 (15),SC Heerenveen (30),3-0,2-0,Fortuna Sittard (30)
?,(Sat) 15 Apr 2000 (15),MVV Maastricht (30),0-1,0-0,RKC Waalwijk (30)
?,(Sat) 15 Apr 2000 (15),Roda JC Kerkrade (30),3-4,2-1,Willem II Tilburg (30)
?,(Sat) 15 Apr 2000 (15),Vitesse Arnhem (30),4-1,1-1,FC Twente (30)
?,(Sun) 16 Apr 2000 (15),Ajax Amsterdam (29),4-1,1-1,AZ Alkmaar (30)
?,(Sun) 16 Apr 2000 (15),FC Den Bosch (29),1-1,1-1,NEC Nijmegen (30)
?,(Sun) 16 Apr 2000 (15),BV De Graafschap (30),0-1,0-0,Feyenoord Rotterdam (30)
?,(Sun) 16 Apr 2000 (15),PSV Eindhoven (30),1-0,0-0,SC Cambuur (30)
?,(Wed) 19 Apr 2000 (16),FC Den Bosch (30),1-1,1-0,Ajax Amsterdam (30)
?,(Fri) 21 Apr 2000 (16),AZ Alkmaar (31),2-0,1-0,MVV Maastricht (31)
?,(Fri) 21 Apr 2000 (16),Fortuna Sittard (31),3-0,1-0,FC Utrecht (31)
?,(Fri) 21 Apr 2000 (16),FC Twente (31),1-3,1-2,PSV Eindhoven (31)
?,(Sat) 22 Apr 2000 (16),SC Heerenveen (31),5-1,1-1,Roda JC Kerkrade (31)
?,(Sat) 22 Apr 2000 (16),Sparta Rotterdam (31),1-2,1-0,SC Cambuur (31)
?,(Sat) 22 Apr 2000 (16),Willem II Tilburg (31),5-3,3-1,BV De Graafschap (31)
?,(Sun) 23 Apr 2000 (16),Feyenoord Rotterdam (31),1-1,0-1,Ajax Amsterdam (31)
?,(Sun) 23 Apr 2000 (16),NEC Nijmegen (31),1-0,0-0,Vitesse Arnhem (31)
?,(Sun) 23 Apr 2000 (16),RKC Waalwijk (31),1-1,1-0,FC Den Bosch (31)
?,(Fri) 28 Apr 2000 (17),Roda JC Kerkrade (32),3-2,0-1,FC Twente (32)
?,(Sun) 30 Apr 2000 (17),SC Cambuur (32),0-2,0-0,SC Heerenveen (32)
?,(Sun) 30 Apr 2000 (17),FC Den Bosch (32),0-2,0-1,Fortuna Sittard (32)
?,(Sun) 30 Apr 2000 (17),Feyenoord Rotterdam (32),5-3,1-2,AZ Alkmaar (32)
?,(Sun) 30 Apr 2000 (17),BV De Graafschap (32),2-3,1-0,Sparta Rotterdam (32)
?,(Sun) 30 Apr 2000 (17),MVV Maastricht (32),2-0,2-0,NEC Nijmegen (32)
?,(Sun) 30 Apr 2000 (17),PSV Eindhoven (32),7-1,3-0,RKC Waalwijk (32)
?,(Sun) 30 Apr 2000 (17),FC Utrecht (32),1-1,0-0,Willem II Tilburg (32)
?,(Sun) 30 Apr 2000 (17),Vitesse Arnhem (32),3-0,3-0,Ajax Amsterdam (32)
?,(Sun) 7 May 2000 (18),Ajax Amsterdam (33),1-0,0-0,MVV Maastricht (33)
?,(Sun) 7 May 2000 (18),AZ Alkmaar (33),0-1,0-1,Vitesse Arnhem (33)
?,(Sun) 7 May 2000 (18),Fortuna Sittard (33),1-2,1-2,Roda JC Kerkrade (33)
?,(Sun) 7 May 2000 (18),SC Heerenveen (33),1-1,1-1,FC Den Bosch (33)
?,(Sun) 7 May 2000 (18),NEC Nijmegen (33),0-2,0-1,Feyenoord Rotterdam (33)
?,(Sun) 7 May 2000 (18),Sparta Rotterdam (33),0-2,0-0,PSV Eindhoven (33)
?,(Sun) 7 May 2000 (18),FC Twente (33),4-0,1-0,BV De Graafschap (33)
?,(Sun) 7 May 2000 (18),RKC Waalwijk (33),2-0,1-0,FC Utrecht (33)
?,(Sun) 7 May 2000 (18),Willem II Tilburg (33),1-4,1-1,SC Cambuur (33)
?,(Sun) 14 May 2000 (19),SC Cambuur (34),2-1,1-1,RKC Waalwijk (34)
?,(Sun) 14 May 2000 (19),FC Den Bosch (34),7-0,1-0,Sparta Rotterdam (34)
?,(Sun) 14 May 2000 (19),Feyenoord Rotterdam (34),1-1,1-0,FC Twente (34)
?,(Sun) 14 May 2000 (19),BV De Graafschap (34),1-1,0-0,SC Heerenveen (34)
?,(Sun) 14 May 2000 (19),MVV Maastricht (34),1-1,0-1,Willem II Tilburg (34)
?,(Sun) 14 May 2000 (19),PSV Eindhoven (34),2-0,1-0,NEC Nijmegen (34)
?,(Sun) 14 May 2000 (19),Roda JC Kerkrade (34),3-2,1-1,AZ Alkmaar (34)
?,(Sun) 14 May 2000 (19),FC Utrecht (34),3-1,2-0,Ajax Amsterdam (34)
?,(Sun) 14 May 2000 (19),Vitesse Arnhem (34),2-2,1-1,Fortuna Sittard (34)
